text,date,id,in_reply_to_status_id
" Perch√© non cominciare dimezzare i nostri benefit e stipendi, per dare un buon esempio
Non ho mai sentito nulla di questo dopo 43 anni di lavoro, devo andare alla carit√†s per mangiare
Non prendo 500 euro al giorno",2022-09-23T20:21:59.000Z,1556562978799058945,1573407351167647746
 Gli italiani sono al verde caro Nicola e alla fame,2022-09-23T20:17:59.000Z,1556562978799058945,1573406343062753280
 Esatto vattene a casa,2022-09-23T16:54:35.000Z,1473553592187559942,1573355155625545728
" A fr√†, e fare qualche lavoretto?",2022-09-23T16:50:51.000Z,1399759026414575617,1573354217884057603
" E certo invece di lavorare ormai √® una vita che ti campi cos√¨, magari trovi anche quello che girando per cortei ti offre cornetto e cappuccino e chi te frega a te.
Fin quando ci saranno i cretini e i collegi blindati ti andr√† bene poi ‚Ä¶‚Ä¶",2022-09-23T16:44:58.000Z,1426142488889282560,1573352735264866305
 Gretini,2022-09-23T15:50:14.000Z,951373672492789760,1573338961871015936
 A fratoi√† ma te √® tu moje che cazzo ce farete co 30 sacchi ar mese? Nun saranno np√≤ troppi pe na coppia de communisti?,2022-09-23T15:09:02.000Z,1468935763266084874,1573328594683789313
 Non ti rendi conto che il 90% dei commenti √® contro di te?! Coglione ,2022-09-23T15:00:41.000Z,1479744348803989506,1573326492532346880
 Ma dove cazzo vivi !?!? ,2022-09-23T14:59:24.000Z,1479744348803989506,1573326168899883009
 Loro si. Tu? Mah. Io sto con ,2022-09-23T14:21:40.000Z,1563828272466743299,1573316674870181888
" Il tuo posto √® a raccogliere pomodori e ortaggi nei campi, portati pure tua moglie",2022-09-23T12:20:08.000Z,1564872796043452416,1573286087832883201
 C‚Äôera anche la tua signora?,2022-09-23T12:15:40.000Z,1564872796043452416,1573284964690436100
" Bimbiminkia gretini, non ci sar√† futuro",2022-09-23T11:58:40.000Z,1564872796043452416,1573280688455008257
 Avevi guadagnato il mio voto ma se vai con il gatto e la volpe Renzi e Calenda addio.,2022-09-23T08:51:06.000Z,570211419,1573233482389766146
 Tutto ci√≤ che accadr√† il 25 settembre sar√† una libera e democratica scelta degli Italiani,2022-09-22T19:20:35.000Z,1556254100341268480,1573029509569323008
" Col cazzo...

Siamo tutti SVEGLI....

BASTA VOTARE..,

Siamo gi√† oltre",2022-09-22T12:22:09.000Z,1485987954388606979,1572924208988192768
 Il 25 settembre e in gioco il tuo e di tua moglie di stipendio brutto succhiasangue della repubblica italiana,2022-09-22T11:12:05.000Z,1426142488889282560,1572906574552645632
" Quindi ora accetti anche una coalizione con Renzi e Calenda,che si fa per una poltrona vero???",2022-09-22T07:45:46.000Z,1557655139212738560,1572854653280206849
" Saluti alla tua signora, gran parac**o",2022-09-22T07:44:41.000Z,1564872796043452416,1572854383595102209
 Mamma mia quante banalit√†...,2022-09-22T07:44:29.000Z,1324455106289508358,1572854331937800193
 Marciume infinito,2022-09-22T07:18:34.000Z,1463806784657928192,1572847809170112514
" da Genova 2001 a #Renzi e #Calenda. C'√® nulla da fare, reddito parlamentare cambia la gente, due redditi parlamentari (il prossimo alla moglie Elisabetta #Piccolotti) porta dritto a questa roba qua. Che stomaco, che stomaco.... ",2022-09-22T05:40:35.000Z,245764369,1572823152794664961
"  Se il 25 settembre √® in ballo il destino dell'Italia sarei un masochista a mettermi nelle tue mani o quelle di  &amp; c.
Non vi faccio gestire nemmeno la banca nel gioco del monopoli",2022-09-21T21:10:41.000Z,1262105241631240198,1572694832170008579
  Bravo! Ma bravo! essendo in difficolt√† hai detto meglio che la  compagna provi ad entrare in parlamento non sia mai che non arriviamo a fine mese. Dovreste rappresentare la parte pi√π povera ed umile del paese ed invece siete assetati solo di un effimero potere. Destinati al nulla,2022-09-21T21:06:11.000Z,1262105241631240198,1572693699708026883
 Infatti solo a tre √® stata contestata la manifestazione. Ha scritto in maniera subdola non crede?,2022-09-21T19:44:15.000Z,463229287,1572673078399746056
" Non credo che sia possibile una denuncia, ma accompagnamento e successivamente affidate ai genitori in quanto minori . Si segnalano per la manifestazione, non dica cose non vere. Dove sta il resto? L‚Äôaccompagnamento √® previsto",2022-09-21T19:43:19.000Z,463229287,1572672842654961664
 Ministro degli interni scelto dal Pd,2022-09-21T19:27:30.000Z,1069350588830367745,1572668863631720450
 Paura de che? Di un mini partitino che votano in quattro?üòÇüòÇüòÇüòÇüòÇüòÇ ,2022-09-21T10:09:19.000Z,1564872796043452416,1572528392637140992
" Fratoianni: ‚ÄúMeglio Calenda della destra
La lista di Renzi e Calenda non √® espressione della destra italiana, nonostante alcune posizioni. Quindi se si dovesse costruire un‚Äôalternativa alla destra‚Ä¶ Del resto io mi ero battuto per un‚Äôalleanza pi√π larga, anche con loro.vergogna",2022-09-21T09:44:22.000Z,1557655139212738560,1572522112891645952
 Si al doppio stipendio parlamentare si a non fare un cazzo per altri 5 anni si a portare bandiere sulla spalla si a dire no ad argomenti giusti per l‚ÄôItalia si alla rovina dell‚ÄôItalia cos√¨ personaggi come te riescono a stare a galla ‚Ä¶.. si potrebbe continuare,2022-09-21T05:44:52.000Z,1426142488889282560,1572461840541573120
 Cominciate a versare la vostra quota per finanziare sta cosa......,2022-09-20T21:59:59.000Z,1499793799798824965,1572344847851458564
" Guardare alla storia, migliorando la qualit√† dell' esistenza e lo stato sociale che rende viva la nostra democrazia, incastonata nella Costituzione, dando ai giovani un punto di osservazione, richiama il dialogo politico come  riflessione per il futuro. Auguri, On.",2022-09-20T18:08:17.000Z,1058042599762808832,1572286540914757637
" Non hai la piu‚Äô pallida idea del valore del tempo,tutti i top manager del mondo viaggiano in jet.Percentuale bassissima rispetto ai voli di linea.Renzi pagando avra‚Äô fatto i suoi conti.Tu continua a viaggiare in treno,vuol dire che il tuo tempo vale pico.",2022-09-20T15:47:20.000Z,1273802568,1572251069672980480
 Ovviamente mantenendo il tuo e quello di tua moglie a 100‚Ç¨/h!,2022-09-20T10:59:30.000Z,1470799018871738380,1572178633166360576
" Lei fa campagna elettorale a piedi, in bicicletta oppure con i mezzi pubblici?",2022-09-20T10:59:22.000Z,400269670,1572178600471805959
" Si, bravi e come intendete fare con il datore di lavoro che con gli aumenti di tutto sta gi√† annaspando per tirare avanti?, vi private dei vostri stipendi e li distribuite al popolo?, possibile che basate la vostra campagna sulle tasche degli imprenditori?.",2022-09-20T10:20:53.000Z,1552576201448951809,1572168916318785536
 vai a lavorare in Fabrica no fuori vai al pane quotidiano a vedere come vivono i pensionati con 500euro no chiacchere cosa prendi tu cosa spendiamo per i clandestini ti aggreghi al Pd perch√© sai che non siete nessuno vuoi la poltrona e il stipendio pagato dai lavoratori,2022-09-20T09:40:04.000Z,1522965800696561665,1572158643599982593
" Ma potr√† Renzi decidere ,in base alla sua attivit√†, quale mezzo usare? Se volete parlare di inquinamento parlateci delle tonnellate di gas che i russi bruciano ogni minuto!",2022-09-20T08:18:16.000Z,1470799018871738380,1572138057209454592
 Da Renzi mi aspettavo esattamente questa risposta,2022-09-20T07:50:06.000Z,438233100,1572130969758437376
 Ma al governo avete votato sempre contro tutto,2022-09-20T05:07:53.000Z,1421570339235115013,1572090146278752256
 ü§£ü§£ü§£,2022-09-19T21:03:38.000Z,1324455106289508358,1571968282420191233
 Ma vai a cagare ,2022-09-19T20:59:46.000Z,1479744348803989506,1571967308918325250
" Segnate bene i cognomi. Mettete sulla scheda i cognomi sulle preferenze, e non mettete questi.
Basta con la politica dei papponi di Stato 

",2022-09-19T16:23:13.000Z,1568551183513489409,1571897713125625860
 ,2022-09-19T13:01:31.000Z,1423911128816623622,1571846951284674560
" Fratoianni, il nulla, l‚Äôinutilita‚Äôfatta persona, l‚Äôunico sponsor di se stesso, il fancazzismo , uno che nella vita non ha mai faticato, che per√≤ pensa alle donne, la sua‚Ä¶",2022-09-19T10:19:19.000Z,1564872796043452416,1571806132246650880
" Ti manca un unico posto dove andare,fancazzista, aff‚Ä¶e spero da luned√¨ prossimo",2022-09-19T09:05:08.000Z,1564872796043452416,1571787465161048064
" Dove eravate quando i lavoratori non vaccinati perdevano il loro impiego. Per voi solo clima, immigrati e le puttanate gender. VAFFANCULO ",2022-09-18T22:29:50.000Z,1479744348803989506,1571627583741263874
" Io non amo mai offendere chi vuole rappresentare e tutelare gli italiani, ma sono stanco di sentire idiozie. Credo che lei debba riflettere, perch√© ormai la sx non esiste, create problemi  vi unite in massa , senza idee concrete e deludete chi aveva fiducia in una vera sx",2022-09-18T17:35:36.000Z,463229287,1571553538659999744
 Voi candidate la moglie!Comunisti a pancia super piena!,2022-09-18T16:40:51.000Z,1470799018871738380,1571539762980298754
 Se non sara l‚Äôistruzione sicuramente saranno due stipendi da 15.000‚Ç¨. caduno al mese. Sei una feccia ed uns merda come tutti gli altri tuoi porci colleghi.togliendo conte un signore .ma vai a fare in culo rettile di merda,2022-09-18T13:03:56.000Z,1523928848554991616,1571485170389098497
  Che ci fa la foto di Proust nella libreria?,2022-09-18T08:29:19.000Z,1508506661572522001,1571416061068574721
" A una settimana dal voto mi piacerebbe sentire parlare di programmi per il futuro, soprattutto nel medio termine. Vedo per√≤ che gran parte delle dichiarazioni dei candidati mirano solo alla demolizione degli avversari. La prego ci faccia appassionare.",2022-09-18T06:56:56.000Z,1389948559789809669,1571392812809166848
  Buon Apetito,2022-09-18T05:58:56.000Z,1512115011841310725,1571378217306529792
 Sei il pi√π ignorante tra gli ignoranti,2022-09-17T19:02:26.000Z,1499793799798824965,1571213003265015810
" Stavano facendo una gita scolastica di istruzione e son morti col pullman in un burrone. Non si pu√≤ morire di gite, vanno abolite",2022-09-17T18:30:05.000Z,1489163750670229505,1571204864742408197
  Hai pagato la rata del mutuo alla Cucchi?,2022-09-17T18:05:12.000Z,1219624133144842241,1571198600901791745
"  sorridi alla vittoria,Nicola! vinceremo!",2022-09-17T16:44:21.000Z,1423911128816623622,1571178255763251200
  Spero non votino n√© lei e le sue scarse idee ( espresse poco fa a casa Italia ) ne Cucchi . Quali competenze avete per gestire ? Nessuna !,2022-09-17T16:28:43.000Z,1492876969159151624,1571174321078272000
" ‚ÄúI believed that by revealing to the world the vital information that was being concealed, I would contribute to freedom and to make the world a better and safer place. The contrary has been the case.‚Äù
- Julian Assange",2022-09-17T15:46:42.000Z,1515124778205470729,1571163744990035969
" Di sicuro tu non morirai di lavoro, non hai mai lavorato",2022-09-17T13:16:59.000Z,1219624133144842241,1571126068928745474
" Ricordo che questa legge √© stata fatta da Renzi quando era nel PD, lo stesso partito che lei ora appoggia per non aver avuto coraggio politico",2022-09-17T09:31:11.000Z,1557655139212738560,1571069243336314880
    Bella ciao una canzone di imbeccilli,2022-09-17T06:20:44.000Z,1322441334565777408,1571021315108208640
" Se invece di mandare i soldi per le armi in Ucraina,dessero i soldi alle ditte di bonifica dei canali per pulire i letti dei fiumi,queste tragedie disarebbero potute evitare detto ci√≤ Forza Marche",2022-09-16T19:19:25.000Z,1519665205336322048,1570854891534557186
"   Ma Lei √® capace di prendere una posizione chiara e non trincerarsi dietro al SE,MA, VEDREMO, COSA PENSO IO ..........",2022-09-16T18:31:42.000Z,1466375143513591809,1570842880109060096
" ma le giunte di centrodestra di umbria e marche al potere da anni, nei mesi siccitosi avevano realizzato bacini di raccolta anti esondazioni o si sono preoccupate solo di ostacolare l'aborto?",2022-09-16T12:22:31.000Z,1423911128816623622,1570749972739665922
"  bravo,non si parli di patrimoniali che spaventano i piccoli proprietari  ma di tassare i ricchi,messaggio chiaro che colpisce i ricchi",2022-09-15T18:50:28.000Z,1423911128816623622,1570485215654744064
"    Al di l√† del testo della canzone, l'ennesima buffala dell'ANPI. Infatti questa canzone non fu mai cantata dai partigiani durante la liberazione e il riferimento al partigiano compare nella prima versione solo nel 1953. Divenne popolare nel 1963 al Festival di Spoleto.",2022-09-15T15:58:49.000Z,1224264115,1570442020782542848
    L'amore concepito da voi si... che √® odio e disprezzo per chi non √® allineato al vostro pensiero... cani,2022-09-15T15:51:22.000Z,1123880512576262144,1570440145463042054
"    Ma avete rotto il cazzo. Quando non avete nulla da proporre, tornate ad urlare al lupo fascista. Siamo nel 2023...",2022-09-15T15:12:15.000Z,1354471208801218560,1570430302014652416
    √à la canzone con cui i comunisti si fanno la sega‚Ä¶ che schifo!,2022-09-15T13:10:01.000Z,67241289,1570399540670349312
    Ma ognuno sar√† libero di cantare quello che gli pare? Oppure lo deve fare per forza?,2022-09-15T12:24:06.000Z,1364884847429357569,1570387984884830209
    Io non capisco ...ma una cantante non pu√≤ rifiutare di cantare una canzone che ne fanno un caso nazionale,2022-09-15T11:01:15.000Z,1570274353450713090,1570367134131421184
    La canzone di chi ha messo il greenpass e di chi ha scacciato i sani dal lavoro.,2022-09-15T10:52:43.000Z,1531371474048765952,1570364986572115969
    Buffone ma vai a ca... Tu e le cose ridicole che dici...,2022-09-15T10:49:04.000Z,602087789,1570364067713527809
"    Ma quante storie!! La volete cantare? E cantatela ma non rompete i coglioni a chi non la vuole cantare, punto. Queste sono le vostre preoccupazioni, non tutti i problemi che stanno attanagliando gli italiani. Poi non meravigliatevi del perch√© perdete le elezioni.",2022-09-15T09:47:45.000Z,1338114053898727429,1570348639461191680
    Canzone di libert√†. Pertanto  lasciamo liberi anche gli altri di cantare o meno. Oppure di libert√† non ci sar√† niente.,2022-09-15T09:43:24.000Z,1547650137677172736,1570347543585853440
    üòÇüòÇüòÇüòÇ,2022-09-15T07:04:16.000Z,1324455106289508358,1570307496371421186
    √à una canzone che fa cagare!,2022-09-15T05:54:23.000Z,1447688107457974274,1570289910191382528
    Non ho pi√π parole‚Ä¶.üò∂,2022-09-15T05:28:20.000Z,889221587727265792,1570283351369547776
"  Si dovrebbe,si potrebbe poi,ora x non sbagliare o non si fa nulla o si combinano guai difficili da rimediare. Le menti in fuga le ricerche le fanno all'estero,se le fanno in Italia,vista la grande fiducia che lo stato ha in loro 0, vanno all'estero x realizzare i propri progetti",2022-09-15T05:19:03.000Z,1239138015739609088,1570281014983036930
    Pagliacci...cosa c'entra l'amore in questa canzone?due volte pagliacci,2022-09-15T05:05:19.000Z,306898539,1570277561296424960
    ...comunista!,2022-09-14T23:44:03.000Z,1324455106289508358,1570196710651211777
"    Non √® di sinistra,magari d'amore ma non di sinistra piuttosto del popolo,ma non di sinistra.",2022-09-14T22:28:59.000Z,1569001835180036102,1570177820667551746
"    No,√® una canzone che inneggia al comunismo, vittima di pi√π di 14 milioni di persone. Se si combatte il  combatte anche il comunismo.Ricordate pure i traditori partigiani e ignorate i veri eroi che hanno combattuto fino alla fine dalla parte giusta",2022-09-14T21:21:54.000Z,1380997850264436738,1570160939571486720
    Anche no ‚Ä¶,2022-09-14T20:55:38.000Z,3083969572,1570154328031207427
    IL PELLET A 12 EURO,2022-09-14T20:43:09.000Z,1529096770566881283,1570151186048638978
    Bella ciao. Canzone contro l invasore..... Oggi attualissimo,2022-09-14T20:42:35.000Z,1346753643593277440,1570151045283860480
 Colpa del marciume,2022-09-14T20:13:32.000Z,1463806784657928192,1570143732011511808
    ü§ëü§ëü§ë,2022-09-14T20:03:56.000Z,1525894768408117250,1570141318516559873
    Bella ciao √® una canzone di chi lavorava nelle risaie spaccandosi la schiena.  Bella ciao non √® la canzone di chi ammazzava i fratelli italiani e che voleva istaurare la dittatura comunista in Italia...,2022-09-14T18:51:32.000Z,1497857957761064961,1570123096320884736
    Canta che ti passa!,2022-09-14T18:44:34.000Z,1514666698942689288,1570121343823400965
    ü§£ü§£ü§£ ,2022-09-14T18:36:22.000Z,1034189545850503169,1570119282402463744
    E tu sei un coglioneü§°ü§°,2022-09-14T17:52:34.000Z,22896719,1570108259628982273
"    ma possibile che dovete per forza rompere le ü•éü•é a tutti, sar√† una sua scelta cantare un brano oppure la vistra ""democrazia"" intima di farlo e basta?, ma tenetevi le cantanti lecchine e lasciate fuori chi non ne vuol sapere di politica.",2022-09-14T17:45:37.000Z,1552576201448951809,1570106509656301569
    Fammi avere lo spartito che o finito la carta da culo,2022-09-14T17:18:03.000Z,1458079511124250625,1570099569534595078
    gi√† siete ladri.. √® un opera Yiddish del 900. poi canzone delle mondine.. di partigiano sta canzone avete solo voi in testa,2022-09-14T17:01:47.000Z,1565620142113005569,1570095478426984448
    Una canzone d'amore che ci ha rotto grandemente le palle.,2022-09-14T16:54:48.000Z,1550880465070039040,1570093719801528322
"    Fratoianni piantatela siete ridicoli e dimostrate platealmente e ridicolmente di non accettare la libert√† altrui, libert√† di scelta e di pensiero. Tanto ridicoli da non capire che siete i primi, con il vostro bambinesco comportamento. a ridicolizzare tutto.",2022-09-14T16:37:34.000Z,1407386324554891264,1570089382878785538
" si erano messi d'accordo prima...""io faccio una legge...tu non paghi...poi dividiamo!""",2022-09-14T15:08:22.000Z,1423911128816623622,1570066933416071169
    √® patriottica...√® contro l'invasor...diventa politica se si tradisce la patria fiancheggiando il nazista invasore come i fascisti!,2022-09-14T15:06:49.000Z,1423911128816623622,1570066546726150146
    Certamente per√≤ non per quei Partiti di pseudo Sinistra che ha venduto L'Amnima e il suo Poppolo ai Capitalisti solo per Interessi Personali,2022-09-14T14:43:13.000Z,1512115011841310725,1570060607671472129
 Parla di Letta che non ti vuole al governo FENOMENO!!,2022-09-13T22:53:19.000Z,2876930505,1569821555361734658
"  Sig.  mi perdoni, ma lei potrebbe scoprirlo prima di noi.
Anticipatamente grazie.",2022-09-13T19:19:55.000Z,860830504685371392,1569767852114341888
           Fico ha detto √® da anni che non sento Di Battista,2022-09-13T18:54:48.000Z,1464942052920242182,1569761531763589130
  Possibile che questi due pensino alle droghe in questo momento tragico ? Possibile che qualche Italiano non drogato gli dia il voto ?,2022-09-13T14:48:50.000Z,1520867512489213952,1569699631566831617
"  Caro Fratoianni non credi che anche voi con le vostre pippe mentali mettete del vostro cercate di rimettere in piedi un vero partito di Sinistra confrontiamoci
E le forze si Agregheranno come e sempre stato nel P.C.I
Noi ci Siamo e ci Daremo. Sempre nel Cuore E nella Memoria",2022-09-13T14:34:37.000Z,1512115011841310725,1569696052894203904
" Ti ricordo che √® ci√≤ che devi fare tutti i giorni e non solo in campagna Elettorale e per questo che ti anno Votato e tramite lo Stato Ti Anno Pagato  ( Uomo di Sinistra ? )Che da quando sei in Parlamento gli Operai
Ai Perso ( Di Vista )ü§£ü§£ü§£ü§£ü§£ü§£ü§£ü§£ü§£",2022-09-13T14:02:19.000Z,1512115011841310725,1569687927315222528
 Non vai piu sulle barche con loro? √à dall'inizio della pandemia che aspetto passi le giornate a bordo con loro.,2022-09-13T13:31:27.000Z,1479132762342842375,1569680159195922433
   Patetici üòÇ,2022-09-13T11:28:54.000Z,773756195983204352,1569649318172172290
 Paraculo ‚Ä¶ difficile risponderle altro.,2022-09-13T07:18:45.000Z,3083969572,1569586363225481216
" Mi sa che avete scelto male non 5stelle ma pd per una poltrona e stipendio sicuri non per altro,e se pd merda non supera il quorum?",2022-09-13T06:26:58.000Z,1523928848554991616,1569573333196316673
" fai pena e schifo, frequenta la scuola",2022-09-13T05:18:49.000Z,1479132762342842375,1569556182330753024
" Ridicolo e pericoloso. Siamo alla follia. Ma d‚Äôaltronde, pur sapendo che tutto ci√≤ giustamente non passer√† mai, in qualche modo dovete pur tentare di avere un minimo di visibilit√† mediatica.",2022-09-12T23:34:57.000Z,1407386324554891264,1569469645266259969
 Con tutti i soldi che guadagni gliela potevi compr√° una cartella pi√π bellina per√≤...,2022-09-12T19:40:14.000Z,1537039447602126848,1569410576354316288
 Povero bambino,2022-09-12T13:50:15.000Z,1479744348803989506,1569322502303924226
 Sembra che andate al patibolo... üò≤üòÇüòÇ,2022-09-12T12:57:33.000Z,1324455106289508358,1569309240275398657
" LA MELONI √à IL VECCHIO!
LA MELONI ERA MINISTRA DI BERLUSCONI PER 5 ANNI!
POI VUOLE COME MINISTRO DELL'ECONOMIA TREMONTI, CHE ERA IL MINISTRO DI BERLUSCONI.
LA MELONI √à IL VECCHIO CHE AVANZA!",2022-09-12T12:13:39.000Z,2320187182,1569298190809055232
 L'UNICO PARTITO IN ITALIA CHE PENSA AI POVERI SONO I 5 STELLE!,2022-09-12T12:13:24.000Z,2320187182,1569298128968228865
"  Certo , Ilaria Cucchi sar√† un grosso sostegno per Fratoianni ! La classe √® classe !",2022-09-12T08:48:53.000Z,1520867512489213952,1569246660668309505
  bravo avanti cos√¨ vinceremo,2022-09-11T14:58:42.000Z,1423911128816623622,1568977339563884544
  Altro motivo per non votare la SX!,2022-09-11T14:53:18.000Z,1514666698942689288,1568975979154120704
  Non √® tanto la destra quanto ritrovarsi la Meloni come Premier.,2022-09-11T14:44:11.000Z,1406993614576787457,1568973685297479682
" Ma vergognatevi badtardi che non siete altro !! Avete chiuso il paese , avete fatto fallire centinaia di aziende e , CONTINUATE , avete sospeso dal lavoro senza stipendio MILIONI di persone per non aver fatto il siero , le informazione da dittatura!!Dovere MORIRE,LENTAMENTE .",2022-09-11T13:05:02.000Z,1559523087544098819,1568948735203213312
    Come mai la compagna Loredana a tutte le iniziative verdi invita Conte 5stelle e non voi del cocomero Fratoianni Bonelli i veri verdi italiani ho visto pure Pecoraro Scanio e non Civati Ingroia Santoro Bersani Bettini Zingaretti Boccia D'Alema veramente strano modo della sinistra,2022-09-10T23:02:46.000Z,1464942052920242182,1568736770220761088
  Voi belle anime siete questa merda ,2022-09-10T21:29:44.000Z,1479744348803989506,1568713356005212161
" A causa della continua espansione dell'attivit√† di AIAC, ora sta reclutando blogger dalle principali piattaforme social per la cooperazione e la promozione.
AIAC √® una societ√† tecnologica focalizzata sulla ricerca e lo sviluppo della tecnologia dell'intelligenza artificiale.",2022-09-10T17:34:25.000Z,1557729670900379650,1568654139760189440
 Kattokomunisti d‚Ç¨mm‚Ç¨rda,2022-09-10T16:05:02.000Z,1537039447602126848,1568631646361985024
   Perch√© Melanchon ha incontrato DeMagistris e non voi ne Conte 5stelle per quale motivo desidero sapere forse perch√© alleati di Letta e avete candidato Casini e non Pietro Grasso Mimmo Lucano Loredana De Pretis Fassina Pastorino Francesco la forgia Anna Falcone Santoro le sardine,2022-09-10T15:58:26.000Z,1464942052920242182,1568629983349727232
" Coats Mission: missione militare che consisteva nel prendere la famiglia reale inglese, evaquarli da Londra portandoli prima a Liverpool poi in Canada, nel caso in cui i tedeschi avessero invaso l'Inghilterra.
La famiglia reale inglese sarebbe scappata esattamente come i Savoia. ",2022-09-10T15:01:29.000Z,909443270467563521,1568615650322513920
" Vorrei ricordare a questo nullafacente di Fratoianni , che i bambini assorbono tutto ci√≤ che li circonda inconsapevolmente , quindi ,non sono in grado di scegliere autonomamente ! Fratoianni , dovrebbe fare una cosa che non ha mai fatto ! Andare a lavorare !",2022-09-10T08:08:02.000Z,1520867512489213952,1568511605062750209
 Due alleati inutili che invece di spiegare agli italiani cosa faranno in caso di vittoria ( impossibile ) scrivimi le cagate su Peppapig,2022-09-10T06:13:14.000Z,1215913031114350592,1568482715342897152
 fdi vola verso 40%,2022-09-10T05:56:49.000Z,1484077858536542209,1568478580237078528
" ci siamo trovati a dibattere di PeppaPig, incredibile",2022-09-09T18:57:12.000Z,1113703919153221634,1568312583517802497
 Ma anche se a te piace prenderlo in culo... a noi che cazzo c'√® ne frega!,2022-09-09T18:51:29.000Z,1034189545850503169,1568311145865297920
" Ma stai zitto, pur di tenervi la poltrona state facendo un accozzaglia assurda, fortuna avrete talmente pochi seggi da non poter far nulla, ah no sicuramente se vince la destra farete l ennesimo colpo di stato come gli ultimi 14 anni",2022-09-09T14:47:30.000Z,1521084152832999425,1568249743804866561
" I problemi dell Italia sono altri, frantoianni mongolo la gente non arriva a fine mese, avete rotto con questo politicamente corretto, dovete andare fuori dalle palle, pensate pi√π alle fa a moglie arcobaleno che alle famiglie in difficolt√†, vergogna!",2022-09-09T14:40:30.000Z,1521084152832999425,1568247984508338177
 Godite sti ultimi giorni Nic√≤ che tra un po‚Äô torni nel sarcofago dimenticato da tutti. Ringrazia la Par Condicio,2022-09-09T14:27:58.000Z,1556393327137886208,1568244828369993728
 Le famiglie arcobaleno sono una crudelt√† x i bambini. Proteggiamoli,2022-09-09T12:20:14.000Z,1324455106289508358,1568212683425562624
 Te avresti voluto i comunisti per farci passare dalla padella alla brace. Chi si dichiara comunista dovrebbe avere il coraggio di tacere.,2022-09-09T11:35:53.000Z,1324455106289508358,1568201522474795010
 Ma dopo PeppaPig ed i business jet(non jet privati !) avete argomenti pi√π complessi da risolvere?,2022-09-09T11:23:32.000Z,1470799018871738380,1568198414600396806
" Che i Savoia Badogliani furono dei traditori bastardi non c'√® dubbio ma che tu sia coglione senza arte ne parte ugualmente 
 Ci fai capire quello che vuoi e che cerchi oltre al super stipendio da deputato?",2022-09-08T19:35:20.000Z,1551187688342097922,1567959791737229316
 ,2022-09-08T19:13:27.000Z,1536770719945830402,1567954285236830208
" Cortesemente ri-domando:

Pu√≤ spiegare perch√© sul sito di  il vostro programma prevede lo stop all‚Äôinvio di armi mentre sul programma firmato e presentato si accenna ad una ‚Äúpossibilit√†‚Äù?
Mi sembra gravissimo e spero proprio di sbagliarmi. 

",2022-09-08T13:33:41.000Z,408880700,1567868781787054081
" 
Per la precisione Conte parla di transizione energetica e di salari da sempre 
Siete voi che avete deciso di andare ( PD e Bonino ) con chi NON ha come priorit√† n√© l'ambiente n√© i lavoratori n√© chi √® in difficolt√†
Ne parla si prima poi fa il contrario ( vd JA )",2022-09-08T10:00:49.000Z,1264921029660553217,1567815209493970945
  E allora stai messo male! üòÇ sesso solo per amore? Si... state messi male!,2022-09-08T07:03:57.000Z,1514666698942689288,1567770700768858112
  Cc ,2022-09-07T13:06:48.000Z,1019511764654985218,1567499628144168960
"  Invece di emozionarsi pu√≤ cortesemente spiegare perch√© sul sito di  il vostro programma prevede lo stop all‚Äôinvio di armi mentre sul programma firmato e presentato si accenna ad una ‚Äúpossibilit√†‚Äù?
Mi sembra gravissimo e spero di sbagliarmi

",2022-09-07T12:49:12.000Z,408880700,1567495197080133635
  Ti vedo pi√π come un amico,2022-09-07T11:54:54.000Z,1389498936,1567481531563663362
   E chi se frega,2022-09-07T09:55:58.000Z,1556562978799058945,1567451601190719488
 Ma per cortesia! Vivi nel paese dei balocchi!,2022-09-06T20:17:56.000Z,942129092,1567245739037687810
 E chi cazzo sono??,2022-09-06T19:29:55.000Z,1320630777953067014,1567233654992019461
 Chiaro e limpido... si scrive Calenda si legge Renzi ma sono un unico impasto di terra.,2022-09-06T18:48:35.000Z,1330092200198365186,1567223250828017664
 E' tutto chiaro.,2022-09-06T17:42:24.000Z,533004730,1567206596803010563
 invitiamo Melenchon che ha vinto in Francia unendo la sinistra a parteggiare per noi,2022-09-06T16:05:56.000Z,1423911128816623622,1567182318086852608
 Melanchon arriva a Roma non incontra Conte 5stelle incontra DeMagistris,2022-09-06T13:20:51.000Z,1464942052920242182,1567140776123015168
" Si, lo metteremo mentre l'orchestrina continuer√† a suonare la sua marcetta. Lo metteremo grazie a quelli che hanno svenduto il sogno di un mondo migliore per l loro poltroncina.",2022-09-06T10:35:30.000Z,55202278,1567099162851786756
 ,2022-09-06T09:50:47.000Z,1557369941992636416,1567087910486147074
 ,2022-09-06T09:49:39.000Z,1557369941992636416,1567087622878543874
" Mai una idea di sviluppo, mai una gioia. Vi voto solo se proponete una totale rivoluzione socialista, non a pezzetti.",2022-09-06T05:27:06.000Z,1032639929069830144,1567021550997487616
 ,2022-09-05T20:55:03.000Z,1536770719945830402,1566892688955277322
 Chi non ci vuole non ci merita,2022-09-05T20:52:19.000Z,386208875,1566892002922434566
 oggi a Latina il centro sinistra vince a dispetto di sondaggi corrotti ed √® buon viatico per analogo risultato nazionale...avanti cos√¨!,2022-09-05T20:22:29.000Z,1423911128816623622,1566884493901930499
" Ma quando arrivi alla frutta, poi che ti danno?",2022-09-05T20:05:16.000Z,1506015994334138379,1566880162486042624
" Chi mostra meloni come la strega che da la mela avvelenata ad una di colore,come lo chiamiamo??  Il 25 vi scoppier√† il fegato",2022-09-05T19:52:10.000Z,1346753643593277440,1566876863938658305
" Spero che alla fine delle elezioni venga data una mano alla classe operaia, sono un elettricista industriale studente di lettere moderne e faccio sacrifici su sacrifici senza che nessuno istituzione provi ad interessarsi a me e ad i miei coetanei! Sono con voi queste elezioni!",2022-09-05T19:48:53.000Z,341954217,1566876038138847240
 Ma quante cazzate che scrivi,2022-09-05T19:23:24.000Z,378072005,1566869627539423234
 ,2022-09-05T18:57:45.000Z,1564636725716066305,1566863169619992582
" vorrebbe seguire l'esempio spagnolo ovvero creare luoghi per cannaroli.
La sinistra √® davvero vergognosa in ogni sua azione e pensiero politico sociale.

  ",2022-09-05T16:09:06.000Z,1282567091581784066,1566820730217578497
 cosa stai dicendo invece di pensare a taiani e la Greta pensa che ti pagano per fare perch√© non andate voi al pane quotidiano tu con 13000e non ai problemi noi viviamo con 500e al mese di pensione come il tuo amico letta cosa prende all'anno dovete vergognarvi il vento cambier√†,2022-09-05T15:49:29.000Z,1522965800696561665,1566815792859168774
" Ma davvero , ci sono persone con cervello funzionante , che votano Fratoianni ? In base a che cosa ?",2022-09-05T11:32:08.000Z,1520867512489213952,1566751026916589568
" Sono dei miserabili,condannati all'oblio .Renzi chi?",2022-09-04T21:31:52.000Z,819119345704075267,1566539569608200194
 Due stipendi da parlamentare! Tu si che sembri FI!,2022-09-04T17:55:09.000Z,1470799018871738380,1566485030184128513
"    Si, per√≤ smettetela di criminalizzare il nucleare.  Cos√¨ si demonizza una scelta sulla quale bisognerebbe ragionare con calma, conoscenza e senza pregiudizi, Fidatevi di chi oggi pu√≤ garantire un nucleare a bassissimo rischio e meno inquinante di tante altre fonti energetiche.",2022-09-04T17:03:17.000Z,1085611945,1566471975874314241
 Vi voto se fate un passo in pi√π e mettete nel programma la rivoluzione.,2022-09-04T17:00:03.000Z,1032639929069830144,1566471161449431043
 Qualsiasi cosa (qualsiasi realt√†)ha vinto in Unione Sovietica √® figlia del comunismo.,2022-09-04T16:07:24.000Z,1553303958839562242,1566457911664168960
" ‚ÄúLe sirene del libero mercato‚Äù , mi sembri in accanimento a cercare il pelo nell‚Äôuovo‚Äù, parla invece di tutti i vantaggi del libero mercato.",2022-09-04T16:04:28.000Z,1553303958839562242,1566457174758400000
" Mi permetto osservazioni, ‚Äúesperienza fallimentare del socialismo sovietico‚Äù, √® da togliere sovietico perch√© il socialismo-comunismo √® fallimentare in tutti i paesi in cui c‚Äô√® stato, ha ridotto alla fame i popoli. I socialisti comunisti sono stati affamatori di popoli",2022-09-04T16:00:36.000Z,1553303958839562242,1566456202518732801
 bravo! avanti cos√¨ sorridenti verso la vittoria!,2022-09-04T13:02:25.000Z,1423911128816623622,1566411359125905409
  bravo! gli unici politici che possono difendere i meno abbienti sono quelli di centro sinistra sinistra e cos√¨ anche contro gli omicidi sul lavoro!,2022-09-03T14:01:49.000Z,1423911128816623622,1566063919411724288
" Va bene aboliamo i jet privati , ma i lavoratori di quel settore dove li mettete ?",2022-09-03T07:55:51.000Z,1562798143645036546,1565971822968979457
" 10 anni di sinistra ci hanno messo male , com'√® che non tocca l argomento immigrazione",2022-09-03T07:54:07.000Z,1562798143645036546,1565971387637956609
 siamo ViSPi! Verdi Sinistraitaliana Possibile e vinceremo!,2022-09-03T06:40:58.000Z,1423911128816623622,1565952976501497858
" solo un governo di centro sinistra italiana potr√† affrontare gli omicidi sul lavoro,i ricchi se ne fregano e sono la destra!",2022-09-03T06:35:58.000Z,1423911128816623622,1565951719380586496
 Ringrazia anche la   Merdez cos√¨ fate una kopppiaa PERFETTA,2022-09-03T02:46:38.000Z,1510704426117386243,1565894004612407297
  √à colpa dei kulaki!!!,2022-09-02T22:13:10.000Z,1554144282637910017,1565825184388481025
 ,2022-09-02T21:28:46.000Z,1534557107793678338,1565814011249180672
  sai quanti anni che vivi alle spalle dei lavoratori e cosa ai combinato ti devi vergognare in tuo stipendio sono 2 anni della nostra pensione vergogna vivi con 500e di pensione a pane e latte vergognati e poi parla continua fare venire clandestini loro vivono male e noi bravo,2022-09-02T20:03:54.000Z,1522965800696561665,1565792654729805825
 I giovani di questo paese sono figli e nipoti della generazione di politici con una prostata tanta che sbarcano su tik tok... il problema italiano non √© la fuga di cervelli ma che la gente si √© riprodotta (male) ,2022-09-02T18:49:11.000Z,1092885456256225280,1565773851467939844
 vergognati quanti anni che chiacheri con la scuola ti sei messo al governo con la sig banchi a rotelle  con la sig trasporti che diceva il covid si combatte con i finestrini aperti e noi dobbiamo votare siete fuori ben venga la meloni cos√¨ vi fa imparare la coerenza no frottole,2022-09-02T14:49:02.000Z,1522965800696561665,1565713414470737922
" chiedi a PD che ha governato gli utimi 11 anni, meno uno.",2022-09-02T13:57:27.000Z,3345913463,1565700434630672385
   Comunque not in my backyard magari vicino all‚Äôilva di Taranto cos√¨ combina altri past√¨cci con l‚Äôamico Vendola e rimedia un‚Äôaltra causa con Bonelli. Una cosa bellissimaü•πü§£,2022-09-02T13:24:42.000Z,1033277982,1565692191980376065
"   Fratoianni, ha presente geograficamente dove si trova la centrale nucleare ucraina di Zaporizhzhia? Ha presente cosa accadrebbe se venisse colpita? Vorrebbe forse sostenere che se si costruisse una centrale in Lombardia i campani starebbero al sicuro? Ma riesce ad essere serio?",2022-09-02T13:07:45.000Z,1224264115,1565687927740440577
"   Magari ci fosse gi√† una mappa, vorrebbe dire che qualcuno ci sta gi√† lavorando A VUOTO perch√© prima bisogna superare il o del referendum. Si vergogni a spare a caso",2022-09-02T12:32:39.000Z,1033277982,1565679091935764481
" meglio il social Mastodon senza fascisti omofobi razzisti, twitter e facebook sono pieni di troll fascisti che dimostrano che non hanno affatto vinto senn√≤ perch√® perderebbero tempo?",2022-09-02T10:57:22.000Z,1423911128816623622,1565655116622987264
     bravo! siamo ViSPi...Verdi SinistraitalianaPossibile e vinceremo!,2022-09-02T10:55:40.000Z,1423911128816623622,1565654687000444929
 bravo! i ricchi destri ci irridono sostenendo che non ci riguarda...ma perch√® i maschi destri si ingeriscono di aborto? mica abortiscono!,2022-09-02T07:53:18.000Z,1423911128816623622,1565608794658426880
 üòÇüòÇüòÇüòÇ,2022-09-02T07:40:01.000Z,2444463873,1565605452020318209
"   Ma nel frattempo non si potranno riallacciare i rapporti con la Russia?
Sta guerra finir√†
Putin mica  √® immortale
Un nuovo Gorbaciov magari esiste
Come esiste una buona classe dirigente
Ma al momento sia in Russia che in Italia ne siamo privi",2022-09-02T06:44:40.000Z,4621043303,1565591519611977731
" Ma per cortesia, ritornare sulla terra quanto prima possible. Cosa avr√† mai a che fare la giustizia sociale con i trasporti provati lo sapete solo voi, anzi ‚Ä¶ lei.",2022-09-02T06:24:05.000Z,3083969572,1565586341022294021
 Grande Nick !! Finalmente hai trovato una battaglia politica demenziale ma che almeno comprendi. Enjoy ,2022-09-02T06:04:35.000Z,861702898425765888,1565581432315166721
 Vi siete dimenticati gli elicotteri...,2022-09-02T03:52:31.000Z,1039210006367875072,1565548197249835008
"   Sono in Slovenia e Francia a 200 km, e sono molto pi√π indipendenti di noi energeticamente. Ci arrivate? Non √® difficile.",2022-09-01T22:02:14.000Z,1251618382002225152,1565460045277675520
   Diteci intanto dove sono dislocate su tutto il nostro territorio le numerose testate atomiche americane. Siamo davvero un paese libero e sovrano?,2022-09-01T22:00:53.000Z,265059474,1565459707887771651
" cosa intendete esattamente per classi ‚Äúpollaio‚Äù? classi con una percentuale (quale?) di alunni superiore al numero minimo stabilito dalla legge o classi da, ad esempio, 25 studenti? chiedete insomma che il numero minimo (stabilito dalla legge) coincida col numero massimo?",2022-09-01T21:48:23.000Z,402864796,1565456561094492162
   Monfalcone sindaco  di dx ( lega) ha gi√† detto assolutamente no..ahahahahahahah  ci parli te?,2022-09-01T21:14:54.000Z,427508472,1565448135798915072
"   Ma potete essere cos√¨ ignoranti da non sapere che dove costruire una centrale non lo decidono Calenda, Berlusconi, Salvini o Meloni?
Un vero verde √® blu.",2022-09-01T19:37:20.000Z,487774445,1565423581881942018
   Taci coglione,2022-09-01T19:36:53.000Z,1551187688342097922,1565423468857933824
"   Costruiamole tutte, costruiamole subito

Vota e fai votare Partito Atomico Atlantico ",2022-09-01T18:43:51.000Z,1554753128452575232,1565410120074395648
   Le facciano dove cazzo gli pare ma sono indispensabili!!,2022-09-01T16:17:10.000Z,3024379622,1565373208638930947
   non mi √® chiara una cosa: VOI dite che le metteranno l√¨ per√≤ chiedete a loro dove le metteranno?,2022-09-01T14:51:10.000Z,402864796,1565351562611806213
" Sono d'accordo, perch√© se uno ha un jet privato registrato in Italia √® proprio un coglione...",2022-09-01T14:30:30.000Z,420977208,1565346362799304704
"   14? Avremmo risolto i nostri problemi energetici. Trattasi di piantina degli anni 70, quindi palesemente falsa.",2022-09-01T13:40:29.000Z,375840591,1565333776796123143
 Potevi mettere una bella falce e martello nel logo.,2022-09-01T13:12:56.000Z,1313447884818460677,1565326841958862850
   Azzolina ma sono in Italia ... non era meglio installarle al Polo Sud?,2022-09-01T13:10:51.000Z,1490802403918163974,1565326317561810944
 Un solo stipendio da parlamentare in famiglia!GIUSTIZIA SOCIALE! FALLO!,2022-09-01T12:37:37.000Z,1470799018871738380,1565317957122752515
   √à un complotto? Finch√® ai populisti del green sar√† dato spazio questo paese non andr√† da nessuna parte.,2022-09-01T12:28:15.000Z,1657344816,1565315597596073984
   Mi dai la mappa del tesoro di jack Sparrow?,2022-09-01T12:02:22.000Z,174720530,1565309084798173184
   Yes In My Back Yard.,2022-09-01T11:33:54.000Z,896765082423754752,1565301921417777153
"   Posso capire l'opposizione, ma che dipenda dai luoghi, meno.",2022-09-01T11:14:09.000Z,1032639929069830144,1565296949636521986
"   A Trieste abbiamo a 100 Km quelle slovene, averne una a Monfalcone non farebbe la differenza, se non in termini economici. di che stiamo parlando?",2022-09-01T11:13:57.000Z,3345913463,1565296902186455041
"   Beh, non solo le centrali, dicano dove stoccare tutto il materiale radioattivo di risulta per i prossimi 25 mila anni",2022-09-01T10:33:04.000Z,45312614,1565286611776061441
   Il mio giardino √® disponibile,2022-09-01T10:00:00.000Z,378072005,1565278289790472194
 Sinistra,2022-08-31T21:14:44.000Z,1549341742947786754,1565085703897243655
 Fallimentare forse √® la quantit√† di voti che prende lei.,2022-08-31T18:49:14.000Z,951077991546867712,1565049087673638912
 Gorbaciov √® stato un traditore e tu non sei un compagno,2022-08-31T12:53:59.000Z,1451959719678066688,1564959687602311168
" DOVE CAZZO SONO IL PD  ORFINI BOLDRINI E FRATOIANNI?!

",2022-08-31T12:53:39.000Z,1490399611701370882,1564959601463885832
" Come voler perdere i voti dell'elettorato tradizionale rinnegando l'esperienza del socialismo sovietico, per provare a prendere voti dall'elettorato di CSX moderato, che voter√† sempre e comunque PD.",2022-08-31T11:02:04.000Z,1550422519030681600,1564931523714973698
 Destra??  ha bevuto?? Qui son tutti comunisti o ex comunisti.,2022-08-31T11:02:00.000Z,1324455106289508358,1564931504530227200
 Tu risolvi la crisi climatica col fotovoltaico sui tetti e limitando i jet privati? O sei ritardato o sei in malafede,2022-08-31T10:08:10.000Z,1409135282004320256,1564917958991822850
  presto!,2022-08-31T09:24:11.000Z,943617366,1564906890164830209
" Con lui √® finita in Europa l'ideologia pi√π crudele e sanguinaria della storia, il tuo comunismo.",2022-08-31T09:15:54.000Z,2603663113,1564904805239341059
 Un grande uomo,2022-08-31T09:05:57.000Z,1506015994334138379,1564902298203131910
 Ma cosa cazzo ha scritto sto sognando,2022-08-31T06:56:12.000Z,1409135282004320256,1564869647366856707
 ,2022-08-31T06:43:16.000Z,873868464586403841,1564866392024907778
 La De Pretis ha fatto iniziativa ecologista senza di lei e verde Bonelli penso sia stata fatta contro di voi partito del cocomero,2022-08-31T06:18:11.000Z,1464942052920242182,1564860079093981190
 I danni fatti li paghiamo oggi,2022-08-30T22:36:59.000Z,2950591739,1564744015437877249
" Detto dall'inventore del socialismo in una sola famiglia fa capire il livello intellettivo dei sinistrati italioti. Per quelli come te neanche la Siberia, basterebbe.",2022-08-30T22:33:52.000Z,1117403218714218497,1564743230062792707
" Queste non sono proposte sono semplici idee di fondo. Es: sto fonti fossili. Ok, mi fino a che non c'√® una copertura da rinnovabili come fai? In quanto tempo? Come fai con le auto?",2022-08-30T22:25:34.000Z,1526185801683542018,1564741144377950209
" E perch√© no alle politiche vaccinali?!? 
Servi anche voi ",2022-08-30T18:33:12.000Z,1479744348803989506,1564682664803995648
 Ma con che coraggio puoi scrivere un tweet del genere?,2022-08-30T17:48:51.000Z,378072005,1564671504553500672
" Ma chi dobbiamo ascoltare uno che ha detto di no a tutto che per questo motivo oggi ci troviamo in queste condizion, che ha un posticino privilegiato e non riesco a capire come ancora oggi possono esserci chi lo vota",2022-08-30T15:54:20.000Z,500718458,1564642686082191366
" Direi a Draghi che gi√† che va per parlare del cap al gas ,metta anche in discussione l‚Äôuso dei business jet! Fratoianni una curetta dai!",2022-08-30T14:39:02.000Z,1470799018871738380,1564623736472588297
 Due stipendi da parlamentare in una sola famiglia SI!!!!,2022-08-30T14:02:00.000Z,1470799018871738380,1564614417039478785
 Se fossero proposte documentate e praticabili forse avreste ottenuto qualche si ...intanto spenga il condizionatore,2022-08-30T13:48:32.000Z,1492876969159151624,1564611027895046160
 Avete sempre votato contro ..mai contribuito alla gestione ..e ora vi chiedete cosa serve il governo ? Ma siete i pi√π scarsi tra tutti gli attori politici ..i signori no.  della serie pensaci tu che a me scappa da ridere,2022-08-30T13:44:12.000Z,1492876969159151624,1564609937661214727
 Ficcatelo in testa e ‚Ä¶‚Ä¶ avete sempre detto no a tutto ‚Ä¶.,2022-08-30T13:31:55.000Z,1426142488889282560,1564606843846000656
" Fosse x voi... avreste statalizzato tutto! 
üëé",2022-08-30T12:59:45.000Z,1514666698942689288,1564598748130459648
 N m by,2022-08-30T12:55:03.000Z,2392441233,1564597567488495621
" Mi pare un ragionamento fatto da persone sensate e intelligenti ! Che ci deve fare l'Italia con questi ricconi ? A noi bastano i turisti che arrivano con i gommoni dall'Africa ! Anche perch√©,  senza loro non avrebbe senso la presenza di Fratoianni in Italia !",2022-08-30T12:35:09.000Z,1520867512489213952,1564592561100046336
" Con i vostri NO a tutto state rovinando tutta l‚ÄôItalia, ma i vostri votanti quando lo capiranno sar√† sempre troppo tardi",2022-08-30T12:21:36.000Z,500718458,1564589149486825472
   tu vuoi fare l'uomo di sinistra sei ridicolo cosa difendi i Lazzaroni preoccupati dei pensionati che hanno fatto una vita di lavoro e si trovano con 500e di pensione comincia andare a lavorare no farsi mantenere chi sei lo 02x100 andate a lavorare vergognati,2022-08-30T07:03:07.000Z,1522965800696561665,1564508999407607810
 E a cosa serve allearsi col PD che √® uno dei pi√π fervidi sostenitori di Draghi?,2022-08-30T05:30:34.000Z,1507780763466571776,1564485709876051968
" Sei stupido o cosa? Sai cosa √® il mercato? Se non ti piace, c √® la dittatura del proletariato, prendi i voti e instaura sta nuova democrazia. Il resto √® fuffa.",2022-08-30T05:07:23.000Z,1399759026414575617,1564479873690877952
" Sei il vuoto e conti zero ü§Æ
Idiota o in malafede sapendo che √® colpa delle sanzioni che avete votato anche voi merde ",2022-08-29T20:24:59.000Z,1479744348803989506,1564348409125179392
 Coglione !!! Sono le sanzioni che VOI avete votato ,2022-08-29T20:19:28.000Z,1479744348803989506,1564347021582307330
 Sei ridicolo,2022-08-29T19:17:27.000Z,2179896303,1564331411930333186
" Serve a proteggere il paese da sti cojoni qui, ad esempio. ",2022-08-29T16:07:21.000Z,861702898425765888,1564283573863079945
 Potrebbe essere un modo per fare integrare meglio i figli dei migranti di seconda generazione,2022-08-29T14:10:19.000Z,1418254197263413250,1564254120906743813
 Perch√© tu sei Svizzero?,2022-08-29T13:19:43.000Z,904798660474621952,1564241388073525248
 E allora cosa diavolo promettere cose in campagna elettorale sapere di non poter mantenere. Ridicoli.,2022-08-29T11:38:36.000Z,1428108600409575435,1564215941675753473
 Detto da chi candida poveri che non pagano il mutuo ma vanno in vacanza‚Ä¶.,2022-08-29T07:40:56.000Z,1325284938,1564156127968903170
" abolire i jet privati ,bene ,e i lavoratori del comparto dove li mettete , o fate come gli immigrati una volta in Italia,Ve ne fregate",2022-08-29T07:36:14.000Z,1562798143645036546,1564154945452097537
 fratoianni dai una dritta al sig aboubakar sta facendo una pessima campagna elettorale,2022-08-29T07:20:05.000Z,1562798143645036546,1564150883012984833
,2022-08-29T07:09:38.000Z,1562798143645036546,1564148254119534594
" Come sinistra abolite i jet privati ,bene , e i lavoratori del comparto dove li mettete ? Come sinistra dovete pensarci , o fate come gli immigrati li portate qui ,salvandoli ,poi pi√π nulla",2022-08-29T07:08:35.000Z,1562798143645036546,1564147987168763904
" prima di abolire i jet privati , trovate lavoro a quelli che saranno licenziati ,come sinistra dovreste pemsarci",2022-08-29T06:55:36.000Z,1562798143645036546,1564144720766541824
" S√¨,abbiamo capito: VOI VOLETE PLAGIARE E LAVARE I CERVELLI DEI NOSTRI FIGLI.

Salvini vuole ordine e disciplina.",2022-08-29T05:31:58.000Z,1560184505759154178,1564123672490778625
 Si! Capito! E non gli farebbe male !,2022-08-28T22:00:22.000Z,1514666698942689288,1564010025865052167
" Ad insegnare educazione e rigore devono pensarci i genitori, lo stato invece deve fornire istruzione di buona qualit√† a tutti i cittadini, anche quelli meno abbienti.",2022-08-28T21:19:34.000Z,1381274703080345602,1563999758737358848
 Fratoianni ci dici quanto costano le indennit√† di accompagnamento date indipendentemente dal reddito. Dare cinquecento euro al mese anche ai benestanti non mi sembra tanto di sinistra ma non ti ho mai sentito dire nulla.,2022-08-28T20:30:26.000Z,714534451603185664,1563987391651758080
 Ma perch√© vuoi siete di sinistra? ,2022-08-28T20:07:49.000Z,1479744348803989506,1563981702699315202
 Anche candidare la moglie √® una questione etica! Fai pena!,2022-08-28T19:20:55.000Z,1470799018871738380,1563969897796960260
 FRATOIANNI.......ü§¨ü§¨ü§¨ü§¨ü§¨ü§¨ü§Æü§Æü§Æü§Æü§Æü§Æü§Æü§Æü§Æü§Æü§Æü§Æ,2022-08-28T18:21:30.000Z,796023383066546177,1563954945581322240
 CERTO BISOGNA FARE IL MILITARE.............. ECCO PERCH√â CI SIAMO RIDOTTI COS√å.............,2022-08-28T18:21:00.000Z,796023383066546177,1563954821018927104
" Con draghi che probabilmente hai votato adesso hai il resoconto, destra e sinistra faranno fallire e impoverire l'italia che per colpa di ignoranti ne paghiamo tutti le loro ruberie e malefatte!",2022-08-28T17:59:26.000Z,4655697321,1563949392356425728
" E' chiaro che avete scopiazzato l'idea da Macron (ma quale ""anche"", in Francia il dibattito esiste da mesi). Siete incapaci di avere idee vostre e le poche che copiate le scimmiottate male. Scappati di casa che non siete altro, capitanati da due ciulastipendi come te e Bo√±egli.",2022-08-28T16:52:19.000Z,861702898425765888,1563932503521562624
 E ..... io stupidamente avevo votato LEU,2022-08-28T16:50:43.000Z,2774517177,1563932099287162883
 E ..... io  stupidamente avevo votato LEU,2022-08-28T16:50:07.000Z,2774517177,1563931948518629376
" Se vieni a Treviso ti porter√≤  un "" sacco di merda "" ......... perch√© tu puzzi pi√π della "" merda ""......",2022-08-28T16:39:59.000Z,2774517177,1563929396041469953
" Sei il perfetto "" leccaculo "" degli Stati Uniti ......l'unica cosa che sei in grado di fare "" pulire i cessi ""......!!!!!!!!",2022-08-28T16:01:50.000Z,2774517177,1563919797548613632
 Un po‚Äô di servizio militare potrebbe aiutare i giovani a migliorare un po‚Äô la disciplina. L‚Äôistruzione mi spiace ma con la scuola che abbiamo non  serve a nulla! Avviamoli al lavoro e creamo lavoro vero!!,2022-08-28T15:57:24.000Z,1372961738811924484,1563918682153107456
" Non c'√® differenza e il suo tweet lo conferma. 
In entrambi i casi si vuole obbligare le persone a fare cose. 
Lasciateci in pace",2022-08-28T15:13:01.000Z,1258388775807451136,1563907510645522433
" avete notato quanti sedicenti ""di sinistra"" sputano sulla sinistra? si chiamano troll neofascisti e dimostrano che non hanno affatto gi√† vinto,come sostengono sondaggisti corrotti,altrimenti mica perderebbero tempo...",2022-08-28T13:39:26.000Z,1423911128816623622,1563883961742393344
" Capito??? 
Ma tu hai capito che sei in coalizione con il  , la prima forza italiana responsabile della gran confusione destra/sinistra e dell‚Äôannacquamento di qualsiasi ideale forte?",2022-08-28T12:39:13.000Z,408880700,1563868805465624576
 Gentile di fronte al caro vita indotto dalla speculazione un' unica scelta in assenza di provvedimenti governativi ed europei: sciopero generale ad oltranza.,2022-08-28T12:17:59.000Z,1559496990840479745,1563863465369935872
 Facciamo un lockdown e mettiamo il grinpazz,2022-08-28T12:05:49.000Z,1254690309684039681,1563860401737138176
" Ehi,fenomeno ""cosa rispondiamo"" un cazzo...COSA RISPONDI TU, TU SEI QUELLO PAGATO PER TROVARE SOLUZIONI!!!

Ma oltre al tuo lavoro mi dai anche il tuo stipendio?!??!?",2022-08-28T10:52:39.000Z,1560184505759154178,1563841988268531713
" Mi scusi ma ... come pu√≤ allearsi con il PD? Ahh solo per battere la dx! 
Ebbene, si scordi i nostri voti se √® questo il suo programma politico.",2022-08-28T08:27:36.000Z,1514666698942689288,1563805486750830592
" Ora si rende conto della tragedia? Ora si fa sia il o i rigassificatori, si riprende l‚Äôestrazione da tutti i pozzi, si tassano seriamente gli extra profitti, si azzera l‚ÄôIVA sulle bollette. Meno chiacchiere ed immediata azione su tutti i fronti. Questo si fa se avete le palle.",2022-08-28T07:53:46.000Z,1407386324554891264,1563796972217286656
 Pasta e fagioli e ceci x l‚Äôometto dei diritti,2022-08-28T05:24:42.000Z,1510704426117386243,1563759455195594753
 Si ma anche se le tassi servono lo stesso i rigassificatore,2022-08-27T19:01:25.000Z,1313447884818460677,1563602602172231680
 Tassare gli extra profitti E procedere col rigassificatore? Difficile si? Ci farete morire di DEMAGOGIA. Pagliacci,2022-08-27T18:47:54.000Z,150606354,1563599199920304129
" Tassa del 100%? FOLLIA TOTALE! 
Le Aziende energetiche devono lavorare a gratis senza fare utili? 
Ottimo modo per allontanare gli investitori internazionali dal paese e affossare completamente il mercato.
Queste proposte politiche sono da TSO",2022-08-27T18:03:42.000Z,1499806461848870917,1563588077611757568
 Lei caro amico che non ha mai votato fiducia a Draghi nemmeno su argomenti su cui avrebbe dovuto ..che credibilit√† ha a fare l'economista ? Zero ..,2022-08-27T18:02:07.000Z,1492876969159151624,1563587681480691713
 Ditegli di come sanzionando la Russia fate chiudere le imprese Italiane,2022-08-27T17:06:58.000Z,2782644081,1563573801283383296
" No Nico'. Dille che la priorit√† e' abolire i jet privati. A quel punto i problemi della gelateria sono risolti.
Verdi/Comunisti= cialtroniü§°ü§° ",2022-08-27T17:02:55.000Z,861702898425765888,1563572782629519362
 Un msg de anda a fatennnnnnnnnGulllllleeeennnnnn nein ee üòéüôÉüôÉ,2022-08-27T15:31:36.000Z,1563067529521958914,1563549802637365248
 A Fratoia puoi Spiegarmi Che Cazzo Ai fatto fino a oggi ( Eppure eri anche tu e Sig. Al Governo ) peraltro anche con i voti dei miei ne Famigliari,2022-08-27T15:01:59.000Z,1512115011841310725,1563542348600000514
 METTETE ANCHE TRE QUARTI DEI VOSTRI STIPENDI............. E AGGIUNGO SIETE TROPPI A MONTECITORIO,2022-08-27T09:19:29.000Z,796023383066546177,1563456152758669313
" Aaaaa.. Comunista?????

Tu appoggi gli amici degli SPECULATORI...

Quindi muto..

PEZZENTE....
Presi per il culo da decenni!!

SINISTRA??? Non avete neanche pi√π la mano ""sinistra""..",2022-08-27T09:09:55.000Z,1485987954388606979,1563453747124060163
" Fratoianni e Cuperlo, hanno studiato da dirigenti. Perdono le elezioni da sempre e da sempre sono dirigenti nei loro partiti. Educati, per garantirsi lo stipendio da dirigenti. Viva l'Italia.",2022-08-27T06:28:37.000Z,714534451603185664,1563413155346530304
 Ma lo capisci che se anche li tassi al 300% non basterebbe ad abbassare i costi? NO che non lo capisci: perche' non hai lavoraro un giorno in vita tua e di cosa sia fare impresa no hai la piu' pallida idea. Sei un ü§° attaccato ad uno slogan idiota che twitta compulsivamente.,2022-08-27T04:45:17.000Z,861702898425765888,1563387149571203072
 Un altro Telese! Se lei vuole tassare tutto l‚Äôextraprofitto deve dire -Tassare l‚Äôextra profitto al 100%Se invece vuole tassare tutti gli extra profitti allora deve dire-Tassare l‚Äôextra profitto con una aliquota del xy%! Speriamo che sua moglie ne capisca di pi√π!,2022-08-26T16:25:58.000Z,1470799018871738380,1563201094292934657
 ..ma gli imprenditori non erano quelli cattivi che evadevano e sfruttavano i lavoratori? Siete disperati(tutti). Vorrei che si fosse votato ieri.,2022-08-26T15:13:29.000Z,1039210006367875072,1563182853227446272
 Chi pu√≤ si metta al vento! Io con due stipendi da parlamentare!,2022-08-26T09:11:00.000Z,1470799018871738380,1563091631070334978
" RADICAL CHIC :
I RADICAL CHIC SONO I FIGLI DELLA CLASSE OPERAIA CHE HA STUDIATO ED ORA RICOPRONO POSTI IMPORTANTI NEL PAESE!
PER ME SONO I MIGLIORI !",2022-08-26T07:53:59.000Z,2320187182,1563072248285523968
" PROMESSE ELETTORALI SENZA COPERTURA:
QUI SIAMO NEL FAR WEST ITALIANO,
DOVE LA LEGGENDA SI SCONTRA CON LA REALT√Ä,... E VINCE SEMPRE LA LEGGENDA (le bugie :-)",2022-08-26T07:53:51.000Z,2320187182,1563072217017360385
 Ma tranquillo che mai e poi mai arriveremo alle misere condizioni in cui sono state tenute le masse nei paesi comunisti,2022-08-25T19:53:46.000Z,1553303958839562242,1562891000456290305
" Pasta e lenticchie , idiot",2022-08-25T18:49:43.000Z,1510704426117386243,1562874884447158272
 AlleanzaVerdiSinistraPossibile vincere!,2022-08-25T18:05:32.000Z,1423911128816623622,1562863763891531777
" Il re dell‚Äô incoerenza !!! Perch√© non cominci tu? Basterebbe il 10% di quello che ti sei fregato da quando ti sei annidato nei palazzi istituzionali senza aver mai lavorato.
Al posto tuo mi vergognerei un po‚Äô a twittare certe cose.",2022-08-25T15:39:25.000Z,1426142488889282560,1562826992562515969
 POARETO MA COSSA GHETO BEVUO ?,2022-08-25T14:05:13.000Z,1433796821852241930,1562803283907194883
 Figuriamoci come sono preoccupati a destra se vincessi tu figlio di un comunismo tirannico come Lenin Stalin Putin Fidel Maduro ecc. ASSASSINI e SCHIAVISTI irrispettosi della democrazia,2022-08-25T11:55:15.000Z,500718458,1562770579106988034
 W la figa !,2022-08-25T11:03:10.000Z,1537039447602126848,1562757472020201473
   Perch√© non avete candidato Pietro Grasso e avete candidato Casini,2022-08-25T10:50:08.000Z,1464942052920242182,1562754191407607809
 Bisogna pubblicare notizie e dati reali .,2022-08-25T10:22:31.000Z,956936074076545024,1562747239914606593
 Ma io posso pagare le tasse per dare quindici mila euro al mese a fratoianni? poi per forza la gente evade e fa bene.,2022-08-25T08:50:03.000Z,1313447884818460677,1562723971657011202
 Un comunista da che insieme alla sua tipa in 4 ha preso un milione e ottocento mila euro. Solito comunista col Rolex üòÇ. Ma la patrimoniale che tanto vuole fare ci rientra anche lui o far√† qualche magheggio per non pagare? üòÇüòÇ,2022-08-25T08:49:02.000Z,1313447884818460677,1562723717548892160
 Dove regna la sinistra si riduce la ricchezza,2022-08-25T07:16:39.000Z,1552135308204019712,1562700465649127424
" 
Proponete 1200 euro in busta paga, in pensione a 62 anni, tassa alle speculazioni finanziarie, patrimoniale
In tanti siamo d'accordo ma non siccome il PD non be lo far√† fare mai non siete credibili
I 5S era il terreno fertile ma temo abbiate preferito le poltrone",2022-08-24T21:10:25.000Z,1264921029660553217,1562547902698127363
 se foste tutti veramente preoccupati vi occupereste di trovare il minimo denominatore comune e non vi dareste alla tafazzi le randellate sulle palle urlando ‚Äú vincer√† la destra‚Äù.,2022-08-24T19:57:39.000Z,1555974801147236353,1562529591767416833
" Sta copiando Berlusconi! Lui mette in parlamento la fidanzatina, lei la moglie(tra l‚Äôaltro poco Smart)!ma 26000‚Ç¨ al mese fanno comodo! Poi a criticare i managers pagati percentualmente troppo rispetto agli operai! Ma fateci il piacere!",2022-08-24T18:28:51.000Z,1470799018871738380,1562507244373127172
" Hai ragione Nicola : sei inimitabile!!!
Ma bisogna vedere , in che senso!!",2022-08-24T17:52:55.000Z,135336864,1562498201638547457
 Ha perlomeno la coerenza che tu non hai mai avuto ( Renzi) pariolino.  A proposito il consiglio comunale di Roma?,2022-08-24T17:52:27.000Z,1551187688342097922,1562498083505655809
 Cogli1 ,2022-08-24T16:50:19.000Z,1561293558581190657,1562482447086157828
" Per quanto io sostenga la libert√° di aborto, il tuo flirtare con persone come la Ferragni che rappresentano il capitalismo pi√∫ sfrenato e dannoso, mi fa venire voglia di votare Unione Popolare piuttosto che degli opportunisti come te.",2022-08-24T16:40:26.000Z,1550422519030681600,1562479958920151041
"  Adesso? E doppo dormite sonni tranquilli 
Possibilmente seduti in Parlamento",2022-08-24T16:21:03.000Z,1512115011841310725,1562475080793280514
" Ma che cazzate! La dx non nega niente. 
Ma pi√π di cos√¨ l'Europa non pu√≤ fare. 
Vai a rompere le oalle alla Cina,  all'India, agli USA che sono i responsabili del 90% delle emissioni globali. 
Fai Super pena! 
Avete distrutto la sinistra.
Il 25 settembre mi sposto a dx e voto FDI.",2022-08-24T14:36:00.000Z,1514666698942689288,1562448646796300293
 Si √® dimenticato il termovalizzatore rigassificatori tav gronda Genova ponte Messina trivelle armi ucraina pareggio bilancio nato meno deficit abbasso dittature comunisti viva la libert√† con gli stati uniti come dice Renzi migliore politico italiano si Nato voluta De Gasperi,2022-08-24T13:23:03.000Z,1464942052920242182,1562430285211660289
 Applausi a scena aperta per Draghi il pi√π amato dagli italiani ha ragione Renzi,2022-08-24T13:05:47.000Z,1464942052920242182,1562425940092731393
 ci sono i Trattati. il Ministro di Grazia e Giustizia non pu√≤ contravvenire ad un Trattato che disciplina queste situazioni. Quindi dipender√† molto dalle richieste degli Stati Uniti.,2022-08-24T10:08:35.000Z,1555974801147236353,1562381345279672320
 Manca il 4 punto‚Ä¶. Assegno coniugale dal senato della repubblica,2022-08-24T09:30:39.000Z,1426142488889282560,1562371799073144832
 Voi a parte tasse cosa proponete?,2022-08-24T08:17:04.000Z,1552135308204019712,1562353285260099584
" Da elettore non di destra vi ricordo che la destra, assieme al terzo polo, sono le uniche forze politiche ad avere il nucleare, tanto disprezzato da voi, nel programma.
Senza nucleare non esiste vera lotta alla crisi climatica.",2022-08-24T05:13:48.000Z,1449124248228929542,1562307164538028032
" Dio santo a te la notte porta male !!! Ma ti rendi conto delle stronzate che produci?
Sono anni che stai annidato l√¨ dentro e che cavolo hai prodotto?
Il tuo partito sarebbe #alleanzadeicazzimieiedichimistaintorno",2022-08-24T05:07:10.000Z,1426142488889282560,1562305494538223618
" Incoerente all‚Äôennesima potenza, ma come sei tu che vai a sederti a quei livelli ( con l‚Äôauto assegno) e adesso twitti incoraggiando la reazione degli italiani.
Io mi vergognerei a scrivere certe cose, tutti gli italiani sanno come vanno queste cose con gli americani.",2022-08-24T05:02:06.000Z,1426142488889282560,1562304217834033152
" Se continuate a far arrivare ogni anno 100mila clandestini, come fate a non consumare altro suolo?",2022-08-24T00:32:36.000Z,1522511815015600135,1562236398199279617
" Ma drogati che √® meglio...

SINISTRA???
1200 esperti di clima hanno firmato un documento dove smentiscono il cambiamento CLIMATICO...

La GEOINGEGNERIA americana ha rotto il caxxxxx.. Basta aerei velenosi nel CIELO...

Fate pena..",2022-08-23T23:37:34.000Z,1485987954388606979,1562222545654382593
" Il Paese che inquina di pi√π al mondo √® per√≤ la Cina, una dittatura comunista.",2022-08-23T21:25:44.000Z,1522511815015600135,1562189370752307201
 Siete tutti bravi a dare sostegno alle Famiglie Durante il periodo Eletorale ma anche tu auto candidato a presentare la Sinistra cosa eri in parlamento a Fare? Visto che il probblema e vecchio di. Anni e mai Nessuno a Fatto un Cazzo,2022-08-23T16:22:49.000Z,1512115011841310725,1562113139474399234
 Pu√≤ parlare con il Ministro degli Esteri  presente in coalizione affinch√© chieda agli USA di lasciare che la soldatessa sia processata in Italia.,2022-08-23T15:46:19.000Z,1271834420144676866,1562103953009041408
 Saitrilsaoteivcuteoaaoteotrosaoteotso,2022-08-23T13:54:34.000Z,1556979752346566664,1562075831501037569
" Si ai rigassificatori, si al nucleare pulito, si alle trivellazioni",2022-08-23T12:35:16.000Z,1514962889420988427,1562055875061334016
 Kompagno metti l animo in pace: non esistete!!!,2022-08-23T05:14:06.000Z,1443441575175000065,1561944850647359488
 Chi apre le porte ai clandestini √® complice di tutto ci√≤.,2022-08-23T01:01:43.000Z,1522511815015600135,1561881337153347585
